Search Term,Tweet Text,URLvogue,RT @BritishVogue: Now here‰Ûªs something to get your teeth into: the new golden trend models are embracing https://t.co/NfRnLHebqi https://t.‰Û_,http://vogue.uk/H1WNWkvogue,RT @Phil_Lewis_: Nike introduces new line of sports hijab for Muslim female athletes https://t.co/23icreh05I https://t.co/ztZDIFeFtT,http://en.vogue.me/culture/nike-pro-hijab/vogue,RT @BarnardCollege: .@bcrwtweets's very own Activist-in-Residence @reinagossett is featured in @voguemagazine as a cultural visionary: http‰Û_,vogue,RT @Phil_Lewis_: Nike introduces new line of sports hijab for Muslim female athletes https://t.co/23icreh05I https://t.co/ztZDIFeFtT,http://en.vogue.me/culture/nike-pro-hijab/vogue,RT @favdylanpics: Dylan O'Brien's interview with Teen Vogue was the cutest just because of the BTS we saw of his shoot https://t.co/lNuGeRu‰Û_,vogue,#rohkeus #intohimo #edellÌ_kÌ_vijyys! Rakas ystÌ_vÌ_ lehtijutussa! Vogue esitteli ex-oululaisen | Forum24 Oulu https://t.co/jlwcpm6Zdv,https://www.forum24.fi/sivut/artikkeli/18874/Vogue-esitteli-ex-oululaisen#.WL7wejhYaE0.twittervogue,RT @Phil_Lewis_: Nike introduces new line of sports hijab for Muslim female athletes https://t.co/23icreh05I https://t.co/ztZDIFeFtT,http://en.vogue.me/culture/nike-pro-hijab/vogue,RT @Phil_Lewis_: Nike introduces new line of sports hijab for Muslim female athletes https://t.co/23icreh05I https://t.co/ztZDIFeFtT,http://en.vogue.me/culture/nike-pro-hijab/vogue,RT @annanolotus: VOGUE Taiwan: March 2017åÊ[HQ] https://t.co/HJdWqScPOi https://t.co/o5zVcg1xFe,https://annanolotus.wordpress.com/2017/03/07/vogue-taiwan-march-2017-hqvogue,RT @Phil_Lewis_: Nike introduces new line of sports hijab for Muslim female athletes https://t.co/23icreh05I https://t.co/ztZDIFeFtT,http://en.vogue.me/culture/nike-pro-hijab/vogue,"RT @thefathippy_: Lil‰Ûª Kim attends the Vogue Fashion Awards, 1999. https://t.co/NF23edBsZz",vogue,"RT @voguemagazine: All the details on @Chanel's larger-than-life set, including that Chanel-branded, rocket ship. https://t.co/E6xydbziRt",http://vogue.cm/0MaOiZxvogue,RT @Phil_Lewis_: Nike introduces new line of sports hijab for Muslim female athletes https://t.co/23icreh05I https://t.co/ztZDIFeFtT,http://en.vogue.me/culture/nike-pro-hijab/vogue,RT @deshezsa: Could Maisie Williams Be Miu Miu's Next Girl? https://t.co/rfBo1Yr1x6  #fashion https://t.co/WIY8RQg4aV,http://dlvr.it/NYvhT8vogue,RT @skyatlantic: @barnesemma56 Try the @RosewoodLondon. Mark Perkins is a big bowl of clever. https://t.co/I7q6o2GTo0,http://www.vogue.co.uk/gallery/best-afternoon-tea-londonvogue,RT @Skepta: https://t.co/9AB8Wgwebd ?,http://vogue.cm/87gMRZIvogue,RT @Phil_Lewis_: Nike introduces new line of sports hijab for Muslim female athletes https://t.co/23icreh05I https://t.co/ztZDIFeFtT,http://en.vogue.me/culture/nike-pro-hijab/vogue,RT @BritishVogue: Might Maisie be about to join one of fashion's most prestigious girl gangs? https://t.co/pxwhyZhWsY https://t.co/kCnf9j25‰Û_,http://vogue.uk/NRJ4i5vogue,"*childhood taunting flashbacks to the tune of ""Never Gonna Get It"" by En Vogue* https://t.co/qwur7rRTix",https://twitter.com/icouldbeahacker/status/839168857080279044vogue,RT @BritishVogue: Might Maisie be about to join one of fashion's most prestigious girl gangs? https://t.co/pxwhyZhWsY https://t.co/kCnf9j25‰Û_,http://vogue.uk/NRJ4i5vogue,RT @Phil_Lewis_: Nike introduces new line of sports hijab for Muslim female athletes https://t.co/23icreh05I https://t.co/ztZDIFeFtT,http://en.vogue.me/culture/nike-pro-hijab/vogue,RT @Phil_Lewis_: Nike introduces new line of sports hijab for Muslim female athletes https://t.co/23icreh05I https://t.co/ztZDIFeFtT,http://en.vogue.me/culture/nike-pro-hijab/vogue,RT @BritishVogue: DID YOU SEE? The John Galliano show - https://t.co/ow14Z4HPOs https://t.co/PJzDEDKb7F,http://vogue.uk/so3Oqrvogue,RT @Phil_Lewis_: Nike introduces new line of sports hijab for Muslim female athletes https://t.co/23icreh05I https://t.co/ztZDIFeFtT,http://en.vogue.me/culture/nike-pro-hijab/vogue,"RT @ncweaver: Damn, Teen Vogue has written one of the best OPSEC communication guides ever:
https://t.co/pVEVyWrZX1
Expert advice, accessab‰Û_",http://www.teenvogue.com/story/how-to-keep-messages-securevogue,RT @Phil_Lewis_: Nike introduces new line of sports hijab for Muslim female athletes https://t.co/23icreh05I https://t.co/ztZDIFeFtT,http://en.vogue.me/culture/nike-pro-hijab/vogue,RT @Phil_Lewis_: Nike introduces new line of sports hijab for Muslim female athletes https://t.co/23icreh05I https://t.co/ztZDIFeFtT,http://en.vogue.me/culture/nike-pro-hijab/vogue,"RT @voguemagazine: All the details on @Chanel's larger-than-life set, including that Chanel-branded, rocket ship. https://t.co/E6xydbziRt",http://vogue.cm/0MaOiZxvogue,"Nick Jonas &amp; Derek Blasberg at Natalia Vodianova's birthday Vogue Cabaret Party in Paris, France on March 4, 2017‰Û_ https://t.co/RlVc5InG5N",https://twitter.com/i/web/status/839169141583966208vogue,"@mayafrota daqui a pouco ce ta tirando foto pra vogue, voa mlkk",vogue,Chanel Fall 2017 Ready-to-Wear Fashion Show - Cara Taylor https://t.co/S89t7QqTDe via @voguerunway,http://www.vogue.com/fashion-shows/fall-2017-ready-to-wear/chanel/slideshow/collection#1vogue,RT @Phil_Lewis_: Nike introduces new line of sports hijab for Muslim female athletes https://t.co/23icreh05I https://t.co/ztZDIFeFtT,http://en.vogue.me/culture/nike-pro-hijab/vogue,#fashion #sexy #hot  #disco #look #club #night #hair #vogue #style #EDM #edmfamily https://t.co/MSijvw1Xvd,vogue,RT @Phil_Lewis_: Nike introduces new line of sports hijab for Muslim female athletes https://t.co/23icreh05I https://t.co/ztZDIFeFtT,http://en.vogue.me/culture/nike-pro-hijab/vogue,Oomf just asked me why didn't they make a music video for Vogue https://t.co/tgbirELpCL,vogue,RT @BritishVogue: DID YOU SEE? The John Galliano show - https://t.co/ow14Z4HPOs https://t.co/PJzDEDKb7F,http://vogue.uk/so3Oqrvogue,RT @Phil_Lewis_: Nike introduces new line of sports hijab for Muslim female athletes https://t.co/23icreh05I https://t.co/ztZDIFeFtT,http://en.vogue.me/culture/nike-pro-hijab/vogue,RT @voguemagazine: Meet the designers of the CFDA/Vogue Fashion Fund‰Ûªs Americans in Paris showroom Fall 2017. https://t.co/QqIoXJbSwj,http://vogue.cm/8ee22bxvogue,RT @Phil_Lewis_: Nike introduces new line of sports hijab for Muslim female athletes https://t.co/23icreh05I https://t.co/ztZDIFeFtT,http://en.vogue.me/culture/nike-pro-hijab/vogue,RT @WhispersNewsLTD: Media: Are Emma Watson's Vogue photos anti-feminist or are you very aware we're just asking to stir shit?,vogue,RT @Phil_Lewis_: Nike introduces new line of sports hijab for Muslim female athletes https://t.co/23icreh05I https://t.co/ztZDIFeFtT,http://en.vogue.me/culture/nike-pro-hijab/vogue,"NBD just @HillaryClinton giving a shoutout to Teen Vogue in her speech today. https://t.co/rTDOygY9wz ""Girls can and do care about both."" _ÙªÎ_Ùè_",https://www.facebook.com/GirlsInc/videos/vb.60604139747/10154699989454748/?type=2&theatervogue,RT @Phil_Lewis_: Nike introduces new line of sports hijab for Muslim female athletes https://t.co/23icreh05I https://t.co/ztZDIFeFtT,http://en.vogue.me/culture/nike-pro-hijab/vogue,"RT @voguemagazine: All the details on @Chanel's larger-than-life set, including that Chanel-branded, rocket ship. https://t.co/E6xydbziRt",http://vogue.cm/0MaOiZxvogue,RT @BritishVogue: Mini Vogue on how to spot postnatal depression from even the lesser-known signs: https://t.co/KUZh4MpQWb https://t.co/iXv‰Û_,http://vogue.uk/E8ioKIvogue,"@KathleenMonagh4
When it comes to the CIA &amp; smoky eyes, teen vogue is my 2-n-1 go to.
#Vault7 #YearZero #ObamaGate‰Û_ https://t.co/WG09Pr7mZj",https://twitter.com/i/web/status/839169067265163264vogue,RT @BritishVogue: How Kate Moss and boyfriend Nikolai von Bismarck are teaming up: https://t.co/hQQlrQj5IE https://t.co/SVgeVLIm7w,http://vogue.uk/G7jStfvogue,RT @Phil_Lewis_: Nike introduces new line of sports hijab for Muslim female athletes https://t.co/23icreh05I https://t.co/ztZDIFeFtT,http://en.vogue.me/culture/nike-pro-hijab/vogue,RT @Phil_Lewis_: Nike introduces new line of sports hijab for Muslim female athletes https://t.co/23icreh05I https://t.co/ztZDIFeFtT,http://en.vogue.me/culture/nike-pro-hijab/vogue,"voguemagazine: All the details on Chanel's larger-than-life set, including that Chanel-branded, rocket ship. https://t.co/BqtkwkjQVd",http://vogue.cm/0MaOiZxvogue,RT @VogueSpain: El 'street style' lo anunciÌ_ y @MIUMIUofficial lo confirmÌ_: el abrigo que lo cambia todo es de 'peluche' y colorido. https:‰Û_,vogue,"El concurso para lanzar talentos de Vogue EspaÌ±a, Who's on Next?, ya tiene los primeros 12 finalistas del... https://t.co/5yh6f7nfpT",http://fb.me/1VaKVsHUuvogue,"RT @thefathippy_: Lil‰Ûª Kim attends the Vogue Fashion Awards, 1999. https://t.co/NF23edBsZz",vogue,"RT @voguemagazine: All the details on @Chanel's larger-than-life set, including that Chanel-branded, rocket ship. https://t.co/E6xydbziRt",http://vogue.cm/0MaOiZxvogue,RT @Phil_Lewis_: Nike introduces new line of sports hijab for Muslim female athletes https://t.co/23icreh05I https://t.co/ztZDIFeFtT,http://en.vogue.me/culture/nike-pro-hijab/vogue,RT @NerdyAsians: The Dev Patel &amp; Imaan Hammam spread for American Vogue '16 was the FIRST to feature a South Asian actor... a historic mome‰Û_,vogue,DID YOU SEE? The John Galliano show - https://t.co/ow14Z4HPOs https://t.co/PJzDEDKb7F,http://vogue.uk/so3Oqrvogue,RT @voguejp: CHANEL17ç_ÜŒ Â‹Å¨‹âá‹Ä_‹Ä_‹Å¨_ãÙ_Ä_‹âÕ_ü__ùÁ‹Åâ‹âã‹ÅÀ‹Å¥‹âÒ‹ÅÇèÅ_‹Åç‹Å_‹ÅÑ‹ÅÙ‹Ûâ #_ü__ùÁ‹Åâ‹âã‹ÅÀ #chanel #AW17 #pfw  https://t.co/5r8zEb7jZn https://t.co/uPDT84xW7K,https://www.vogue.co.jp/fashion/fashionstories/theme/257vogue,RT @ipostlifegoals: 2015 range rover vogue _Ùªè_Ùè_ https://t.co/Y2B23Umb5C,vogue,RT @Phil_Lewis_: Nike introduces new line of sports hijab for Muslim female athletes https://t.co/23icreh05I https://t.co/ztZDIFeFtT,http://en.vogue.me/culture/nike-pro-hijab/vogue,RT @VogueRunway: .@Chanel closed its Fall 2017 show with a functioning rocket that actually blasted off inside the Grand Palais: https://t.‰Û_,vogue,RT @voguemagazine: Of course Rihanna has first dibs on the hottest collections in Paris. https://t.co/x6TsQ1g3wj,http://vogue.cm/TqpQGN7vogue,RT @Phil_Lewis_: Nike introduces new line of sports hijab for Muslim female athletes https://t.co/23icreh05I https://t.co/ztZDIFeFtT,http://en.vogue.me/culture/nike-pro-hijab/vogue,RT @Phil_Lewis_: Nike introduces new line of sports hijab for Muslim female athletes https://t.co/23icreh05I https://t.co/ztZDIFeFtT,http://en.vogue.me/culture/nike-pro-hijab/vogue,#fashion #sexy #hot  #disco #look #club #night #hair #vogue #style #EDM #edmfamily https://t.co/b6GGtGdZEK,vogue,RT @Phil_Lewis_: Nike introduces new line of sports hijab for Muslim female athletes https://t.co/23icreh05I https://t.co/ztZDIFeFtT,http://en.vogue.me/culture/nike-pro-hijab/vogue,"RT @IlhameMarocaine: @la.estetica.clinic 
 The star @NadineElRassi is celebrating a mother's Day at Vogue Cafe #Dubai #abudhabi #aesthetic‰Û_",vogue,"RT @thefathippy_: Lil‰Ûª Kim attends the Vogue Fashion Awards, 1999. https://t.co/NF23edBsZz",vogue,RT @Phil_Lewis_: Nike introduces new line of sports hijab for Muslim female athletes https://t.co/23icreh05I https://t.co/ztZDIFeFtT,http://en.vogue.me/culture/nike-pro-hijab/vogue,"Escargophone trouvÌ© !
L'Ì©quipage de Chapeau de paille ÌÊ bord du Vogue Merry !
https://t.co/dfA7sFm4SG #TreCru https://t.co/QYzeGB5jmp",http://bnent.jp/optc-den2f/vogue,RT @VogueSpain: El 'street style' lo anunciÌ_ y @MIUMIUofficial lo confirmÌ_: el abrigo que lo cambia todo es de 'peluche' y colorido. https:‰Û_,vogue,RT @Phil_Lewis_: Nike introduces new line of sports hijab for Muslim female athletes https://t.co/23icreh05I https://t.co/ztZDIFeFtT,http://en.vogue.me/culture/nike-pro-hijab/vogue,RT @Phil_Lewis_: Nike introduces new line of sports hijab for Muslim female athletes https://t.co/23icreh05I https://t.co/ztZDIFeFtT,http://en.vogue.me/culture/nike-pro-hijab/vogue,RT @Phil_Lewis_: Nike introduces new line of sports hijab for Muslim female athletes https://t.co/23icreh05I https://t.co/ztZDIFeFtT,http://en.vogue.me/culture/nike-pro-hijab/vogue,RT @Phil_Lewis_: Nike introduces new line of sports hijab for Muslim female athletes https://t.co/23icreh05I https://t.co/ztZDIFeFtT,http://en.vogue.me/culture/nike-pro-hijab/vogue,"RT @Exolusa: {LIVESTREAM} 170307 - Paris Fashion Week (Louis Vuitton Show) #SEHUN #SUHO Start: 2:30amKST
https://t.co/Na8Y4VQKD6
https://t.‰Û_",http://www.vogue.co.th/fashion/article/LIVE-Louis-Vuitton-FallWinter-2017-From-Paris-Fashion-Weekvogue,RT @Phil_Lewis_: Nike introduces new line of sports hijab for Muslim female athletes https://t.co/23icreh05I https://t.co/ztZDIFeFtT,http://en.vogue.me/culture/nike-pro-hijab/vogue,RT @Phil_Lewis_: Nike introduces new line of sports hijab for Muslim female athletes https://t.co/23icreh05I https://t.co/ztZDIFeFtT,http://en.vogue.me/culture/nike-pro-hijab/vogue,NotÌ_cias - Livestream: Louis Vuitton  https://t.co/GMOcS0Ke98,http://www.vogue.pt/moda/noticias/detalhe/livestream-louis-vuittonvogue,RT @Phil_Lewis_: Nike introduces new line of sports hijab for Muslim female athletes https://t.co/23icreh05I https://t.co/ztZDIFeFtT,http://en.vogue.me/culture/nike-pro-hijab/vogue,RT @Phil_Lewis_: Nike introduces new line of sports hijab for Muslim female athletes https://t.co/23icreh05I https://t.co/ztZDIFeFtT,http://en.vogue.me/culture/nike-pro-hijab/vogue,RT @Unathi_Daisy: Found myself on vogue _Ù__ https://t.co/kxuJwLE42v,vogue,"RT @voguemagazine: All the details on @Chanel's larger-than-life set, including that Chanel-branded, rocket ship. https://t.co/E6xydbziRt",http://vogue.cm/0MaOiZxvogue,RT @Phil_Lewis_: Nike introduces new line of sports hijab for Muslim female athletes https://t.co/23icreh05I https://t.co/ztZDIFeFtT,http://en.vogue.me/culture/nike-pro-hijab/vogue,RT @voguemagazine: The hip-exposing bodysuit is replacing the crop top for It girls this season. https://t.co/i2y3Ih0P2a,http://vogue.cm/uyt6MNivogue,My co-founder @kmin shares great career advice on @voguemagazine How to Get a Promotion If You‰Ûªre Shy or Introverted https://t.co/CKNJU34ZRc,http://www.vogue.com/article/career-tips-for-shy-introverts?mbid=social_onsite_twittervogue,RT @aflashbak: Modeling bathing suit fashions in a swimming pool for Toni Frissell‰Ûªs 1948 photo for Vogue. https://t.co/e0hpKQsweR,vogue,"All the details on @Chanel's larger-than-life set, including that Chanel-branded, rocket ship. https://t.co/E6xydbziRt",http://vogue.cm/0MaOiZxvogue,RT @Phil_Lewis_: Nike introduces new line of sports hijab for Muslim female athletes https://t.co/23icreh05I https://t.co/ztZDIFeFtT,http://en.vogue.me/culture/nike-pro-hijab/vogue,Celebrity&gt; News: Fans Are Not Happy With Gigi Hadid's Vogue Arabia...https://t.co/ho8wo9LNJR #star https://t.co/6cplfXcFP4,http://bit.ly/2lZ21wcvogue,RT @Phil_Lewis_: Nike introduces new line of sports hijab for Muslim female athletes https://t.co/23icreh05I https://t.co/ztZDIFeFtT,http://en.vogue.me/culture/nike-pro-hijab/vogue,RT @Phil_Lewis_: Nike introduces new line of sports hijab for Muslim female athletes https://t.co/23icreh05I https://t.co/ztZDIFeFtT,http://en.vogue.me/culture/nike-pro-hijab/vogue,"Escargophone trouvÌ© !
L'Ì©quipage de Chapeau de paille ÌÊ bord du Vogue Merry !
https://t.co/UVgdZ67xxF #TreCru https://t.co/jIO0UtOL6H",http://bnent.jp/optc-den2f/vogue,"RT @joechapel3: _ÙÔÔGoldie_ÙÔÔ
@wowitsgoldie
#MTV #VH1 #TheGRAMMYs #Billboard #Oscars2017 #TMZ #SPIN #QMAGAZINE #RollingStone #ExtraTV #VOGUE #Ac‰Û_",vogue,"Redemption #Fall2017 Ready-to-Wear Fashion Show Collection
 https://t.co/m4RPmkpzXY https://t.co/i1VZ701shW",http://www.vogue.com/fashion-shows/fall-2017-ready-to-wear/redemption/slideshow/collection#5vogue,RT @BritishVogue: Five things we learned from Emma Watson's beauty routine: https://t.co/qhEsPRiIco https://t.co/uvDPvjC0tz,http://vogue.uk/JfqKkavogue,RT @catajack: Nike lanza una hijab para que mÌÁs mujeres del mundo puedan practicar deporte. QuÌ© buena noticia. https://t.co/EiV1Enun6x via‰Û_,http://en.vogue.me/culture/nike-pro-hijab/vogue,RT @voguejp: ‹ÄÙ‹Ä´‹â_‹ÄÙ‹Ä´‹â_‹Å¨‹âá‹Ä_‹Ä____ŒÊ«‹Åø‹ÛÅŒ£Å‹ââ_Ù±‹ââ____¨µ‹ââŒü_‹ââ‹Åª‹Å_‹Å_‹ÛÅç«Ç‹Å¨‹Ä¥‹âÁ‹Ä_‹Å_ŒÙÜ‹âÅŒ¡_‹Åè‹Å¥‹âÎ‹Å_‹Ûâhttps://t.co/XSanmMvr2q #miumiu #pfw #AW17 https://t.co/Va1C9JGG84,https://www.vogue.co.jp/tag/brand/miu-miuvogue,RT @Phil_Lewis_: Nike introduces new line of sports hijab for Muslim female athletes https://t.co/23icreh05I https://t.co/ztZDIFeFtT,http://en.vogue.me/culture/nike-pro-hijab/vogue,"RT @milkysehun412: @milkysehun412 another streaming links:
https://t.co/GlhW34o3Xn
https://t.co/49CgcHg3TL",http://www.instyle.com/awards-events/fashion-week/paris-fashion-week/louis-vuitton-live-stream-fall-2017-runway